status	path
M	.env.example
A	api/account/[action].mjs
D	api/account/google-login.mjs
D	api/account/members.mjs
A	api/calendars/[action].mjs
A	docs/ETAP_1_RODZINA.md
A	docs/ETAP_2_START.md
A	docs/ETAP_3_PROFILE.md
A	docs/ETAP_4A_OCENY.md
A	docs/ETAP_4B_DYNAMICZNE_PROFILE_SZKOLNE.md
A	docs/ETAP_5_SESJA_EDUVULCAN.md
A	docs/ETAP_8A_KALENDARZ_SP4.md
A	docs/ETAP_9B_GOOGLE_SCHEDULER.md
A	docs/ETAP_9_GOOGLE_CALENDAR.md
A	docs/ETAP_9_ROUTING_HOBBY.md
A	docs/FRYDERYK_AUDYT_DOSTEPU.md
A	docs/ROZBUDOWA_1.6.0_RAPORT.md
M	docs/VULCAN.md
A	docs/ZMIENIONE_PLIKI_1.6.0.tsv
M	firestore.rules
M	functions/index.mjs
M	package.json
A	preview/stage-2/start-phone-portrait-after.png
A	preview/stage-2/start-phone-portrait-before.png
A	preview/stage-2/start-tablet-landscape-after.png
A	preview/stage-2/start-tablet-landscape-before.png
A	preview/stage-3/family-settings-phone-portrait-after.png
A	preview/stage-3/family-settings-phone-portrait-before.png
A	preview/stage-3/family-settings-tablet-landscape-after.png
A	preview/stage-3/family-settings-tablet-landscape-before.png
A	preview/stage-4/grades-phone-portrait-after.png
A	preview/stage-4/grades-phone-portrait-before.png
A	preview/stage-4/grades-tablet-landscape-after.png
A	preview/stage-4/grades-tablet-landscape-before.png
A	preview/stage-4/school-phone-portrait-after.png
A	preview/stage-4/school-phone-portrait-before.png
A	preview/stage-4/school-tablet-landscape-after.png
A	preview/stage-4/school-tablet-landscape-before.png
A	preview/stage-9/google-calendar-settings-phone-portrait.png
A	preview/stage-9/google-calendar-settings-tablet-landscape.png
M	server/account-auth.mjs
M	server/account-http.mjs
M	server/account-members.mjs
A	server/account-profiles.mjs
A	server/account-router.mjs
A	server/calendar-config.mjs
A	server/calendar-errors.mjs
A	server/calendar-google.mjs
A	server/calendar-http.mjs
A	server/calendar-scheduler.mjs
A	server/calendar-secrets.mjs
A	server/calendar-service.mjs
A	server/calendar-storage.mjs
M	server/edu-access.mjs
M	server/edu-auth.mjs
A	server/edu-people.mjs
M	server/edu-provider.mjs
M	server/edu-scheduler.mjs
M	server/edu-service.mjs
M	server/edu-storage.mjs
M	server/notification-events.mjs
M	server/notification-refresh.mjs
M	src/FamilyTopBar.tsx
M	src/SchoolModule.tsx
M	src/account/FamilyMembersSettings.tsx
A	src/account/ProfileSettings.tsx
M	src/account/account-client.ts
M	src/account/account.css
A	src/account/profile-avatar.ts
A	src/account/useProfileAvatars.ts
M	src/app-shared.tsx
A	src/calendar-source-metadata.ts
A	src/calendar-source-projections.ts
M	src/calendar-store.ts
M	src/calendar-utils.ts
A	src/calendars/CalendarCallbackCompletion.tsx
A	src/calendars/ConnectedCalendarsSettings.tsx
A	src/calendars/activation-sync.ts
A	src/calendars/calendar-client.ts
A	src/calendars/calendar-transport.ts
A	src/calendars/calendars.css
A	src/calendars/model.ts
A	src/calendars/useCalendarActivationSync.ts
A	src/family-access-diagnostics.ts
M	src/family-directory.tsx
M	src/family-members.ts
M	src/family-shell.css
M	src/features/CalendarPage.tsx
M	src/features/ChatPage.tsx
M	src/features/FamilyPage.tsx
M	src/features/SettingsPage.tsx
M	src/features/StartPage.tsx
A	src/features/StartTileDetails.tsx
A	src/features/calendar-sources.css
M	src/features/start-dashboard.css
A	src/features/start-tile-projections.ts
M	src/feedback.tsx
M	src/main.tsx
M	src/notifications/refresh.ts
A	src/school/SchoolExpandableList.tsx
A	src/school/SchoolGrades.tsx
A	src/school/grade-projections.ts
A	src/school/grades.css
A	src/school/read-access.ts
A	src/useCalendarSchoolSources.ts
M	storage.rules
M	tests/account-auth.test.mjs
M	tests/account-members.test.mjs
A	tests/account-profiles.test.mjs
A	tests/account-router.test.mjs
M	tests/browser.spec.ts
A	tests/calendar-activation.test.ts
A	tests/calendar-client.test.ts
A	tests/calendar-google-display.spec.ts
A	tests/calendar-google.test.mjs
A	tests/calendar-http.test.mjs
A	tests/calendar-scheduler.test.mjs
A	tests/calendar-school-sources.spec.ts
A	tests/calendar-secrets.test.mjs
A	tests/calendar-service.test.mjs
A	tests/calendar-source-metadata.test.ts
A	tests/calendar-source-projections.test.ts
A	tests/calendar-storage.integration.mjs
A	tests/calendar-test-helpers.mjs
A	tests/connected-calendars.spec.ts
M	tests/edu-access.test.mjs
M	tests/edu-normalize.test.mjs
A	tests/edu-people.test.mjs
M	tests/edu-provider.test.mjs
M	tests/edu-scheduler.integration.mjs
M	tests/edu-scheduler.test.mjs
M	tests/edu-scope-storage.test.mjs
M	tests/edu-security.test.mjs
M	tests/edu-storage.integration.mjs
A	tests/family-access.test.ts
A	tests/family-permissions.spec.ts
A	tests/family-profiles.spec.ts
M	tests/functions-runtime.test.mjs
A	tests/grade-projections.test.ts
M	tests/notification-events.test.mjs
M	tests/notification-inapp.integration.mjs
M	tests/notification-refresh.test.mjs
M	tests/notification-school-inapp.test.mjs
A	tests/profile-avatar.test.ts
A	tests/school-grades.spec.ts
M	tests/school-layout.spec.ts
M	tests/security.rules.test.mjs
A	tests/start-tile-details.spec.ts
A	tests/start-tile-projections.test.ts
M	vercel.json
